-- phpMyAdmin SQL Dump
-- version 5.2.1
-- https://www.phpmyadmin.net/
--
-- Host: 127.0.0.1
-- Generation Time: Apr 01, 2025 at 01:34 PM
-- Server version: 10.4.32-MariaDB
-- PHP Version: 8.2.12

SET SQL_MODE = "NO_AUTO_VALUE_ON_ZERO";
START TRANSACTION;
SET time_zone = "+00:00";


/*!40101 SET @OLD_CHARACTER_SET_CLIENT=@@CHARACTER_SET_CLIENT */;
/*!40101 SET @OLD_CHARACTER_SET_RESULTS=@@CHARACTER_SET_RESULTS */;
/*!40101 SET @OLD_COLLATION_CONNECTION=@@COLLATION_CONNECTION */;
/*!40101 SET NAMES utf8mb4 */;

--
-- Database: `perpus`
--

-- --------------------------------------------------------

--
-- Table structure for table `anggota`
--

CREATE TABLE `anggota` (
  `id_anggota` varchar(10) NOT NULL,
  `nama` varchar(50) NOT NULL,
  `jurusan` varchar(20) DEFAULT 'Umum',
  `tgl_daftar` date NOT NULL
) ENGINE=InnoDB DEFAULT CHARSET=utf8mb4 COLLATE=utf8mb4_general_ci;

--
-- Dumping data for table `anggota`
--

INSERT INTO `anggota` (`id_anggota`, `nama`, `jurusan`, `tgl_daftar`) VALUES
('B001', 'Arda', 'Sistem Informasi', '2024-03-12'),
('B002', 'Bili', 'Teknik Informatika', '2024-03-13'),
('B003', 'Yumna', 'Teknologi Informasi', '2024-03-14');

-- --------------------------------------------------------

--
-- Table structure for table `buku`
--

CREATE TABLE `buku` (
  `id_buku` varchar(10) NOT NULL,
  `judul` varchar(100) NOT NULL,
  `penerbit` varchar(50) DEFAULT NULL,
  `tahun_terbit` int(11) DEFAULT NULL CHECK (`tahun_terbit` between 1990 and 2025),
  `id_penerbit` varchar(10) DEFAULT NULL
) ENGINE=InnoDB DEFAULT CHARSET=utf8mb4 COLLATE=utf8mb4_general_ci;

--
-- Dumping data for table `buku`
--

INSERT INTO `buku` (`id_buku`, `judul`, `penerbit`, `tahun_terbit`, `id_penerbit`) VALUES
('C001', 'Basis Data', 'Gramedia', 2021, NULL),
('C002', 'Kecerdasan Buatan', 'Erlangga', 2021, NULL),
('C003', 'Perangkat Komputer', 'Delisha', 2022, NULL),
('C004', 'Dasar Python ', 'gagasmedia', 2023, NULL),
('C005', 'Dasar Pemrograman', 'Deepublish', 2020, NULL);

-- --------------------------------------------------------

--
-- Table structure for table `peminjaman`
--

CREATE TABLE `peminjaman` (
  `id_peminjaman` int(11) NOT NULL,
  `id_anggota` varchar(10) DEFAULT NULL,
  `id_buku` varchar(10) DEFAULT NULL,
  `tgl_pinjam` date NOT NULL,
  `tgl_kembali` date DEFAULT NULL,
  `denda` int(11) DEFAULT 0
) ENGINE=InnoDB DEFAULT CHARSET=utf8mb4 COLLATE=utf8mb4_general_ci;

--
-- Dumping data for table `peminjaman`
--

INSERT INTO `peminjaman` (`id_peminjaman`, `id_anggota`, `id_buku`, `tgl_pinjam`, `tgl_kembali`, `denda`) VALUES
(1, 'B001', 'C001', '2024-03-17', '2024-03-22', 0),
(2, 'B002', 'C002', '2024-03-18', '2024-03-23', 0),
(3, 'B003', 'C003', '2024-03-19', '2024-03-26', 17500),
(4, 'B001', 'C001', '2024-03-17', '2024-03-22', 0),
(5, 'B002', 'C002', '2024-03-18', '2024-03-23', 0),
(6, 'B003', 'C003', '2024-03-19', '2024-03-26', 17500);

-- --------------------------------------------------------

--
-- Table structure for table `penerbit`
--

CREATE TABLE `penerbit` (
  `id_penerbit` varchar(10) NOT NULL,
  `nama_penerbit` varchar(50) NOT NULL,
  `alamat` varchar(100) DEFAULT NULL
) ENGINE=InnoDB DEFAULT CHARSET=utf8mb4 COLLATE=utf8mb4_general_ci;

-- --------------------------------------------------------

--
-- Table structure for table `transaksipeminjaman`
--

CREATE TABLE `transaksipeminjaman` (
  `id_transaksi` int(11) NOT NULL,
  `nama_anggota` varchar(50) NOT NULL,
  `jurusan_anggota` varchar(50) NOT NULL,
  `judul_buku` varchar(100) NOT NULL,
  `penerbit_buku` varchar(50) NOT NULL,
  `tgl_pinjam` date NOT NULL,
  `tgl_kembali` date NOT NULL,
  `denda` decimal(10,2) DEFAULT 0.00
) ENGINE=InnoDB DEFAULT CHARSET=utf8mb4 COLLATE=utf8mb4_general_ci;

--
-- Indexes for dumped tables
--

--
-- Indexes for table `anggota`
--
ALTER TABLE `anggota`
  ADD PRIMARY KEY (`id_anggota`);

--
-- Indexes for table `buku`
--
ALTER TABLE `buku`
  ADD PRIMARY KEY (`id_buku`),
  ADD KEY `id_penerbit` (`id_penerbit`);

--
-- Indexes for table `peminjaman`
--
ALTER TABLE `peminjaman`
  ADD PRIMARY KEY (`id_peminjaman`),
  ADD KEY `id_anggota` (`id_anggota`),
  ADD KEY `id_buku` (`id_buku`);

--
-- Indexes for table `penerbit`
--
ALTER TABLE `penerbit`
  ADD PRIMARY KEY (`id_penerbit`);

--
-- Indexes for table `transaksipeminjaman`
--
ALTER TABLE `transaksipeminjaman`
  ADD PRIMARY KEY (`id_transaksi`);

--
-- AUTO_INCREMENT for dumped tables
--

--
-- AUTO_INCREMENT for table `peminjaman`
--
ALTER TABLE `peminjaman`
  MODIFY `id_peminjaman` int(11) NOT NULL AUTO_INCREMENT, AUTO_INCREMENT=7;

--
-- AUTO_INCREMENT for table `transaksipeminjaman`
--
ALTER TABLE `transaksipeminjaman`
  MODIFY `id_transaksi` int(11) NOT NULL AUTO_INCREMENT;

--
-- Constraints for dumped tables
--

--
-- Constraints for table `buku`
--
ALTER TABLE `buku`
  ADD CONSTRAINT `buku_ibfk_1` FOREIGN KEY (`id_penerbit`) REFERENCES `penerbit` (`id_penerbit`);

--
-- Constraints for table `peminjaman`
--
ALTER TABLE `peminjaman`
  ADD CONSTRAINT `peminjaman_ibfk_1` FOREIGN KEY (`id_anggota`) REFERENCES `anggota` (`id_anggota`),
  ADD CONSTRAINT `peminjaman_ibfk_2` FOREIGN KEY (`id_buku`) REFERENCES `buku` (`id_buku`);
COMMIT;

/*!40101 SET CHARACTER_SET_CLIENT=@OLD_CHARACTER_SET_CLIENT */;
/*!40101 SET CHARACTER_SET_RESULTS=@OLD_CHARACTER_SET_RESULTS */;
/*!40101 SET COLLATION_CONNECTION=@OLD_COLLATION_CONNECTION */;
